用例分类,用例编号,用例名称,锁定设备,iswait,测试步骤,参数,执行状态,实际结果
多设备控制,control_001,打开所有设备,all,,发送”打开所有设备“音频信息,打开所有设备,,
,,,,,校验-状态是否正确,"{
  
  ""asr"": {
    
    ""text"": ""打开所有设备""
  },
  ""nlg"": {
    
    ""text"": ""打开""
  }
}",,
多设备控制,control_002,关闭所有设备,all,,发送”关闭所有设备“音频信息,关闭所有设备,,
,,,,,校验-状态是否正确,"{
  
  ""asr"": {
    
    ""text"": ""关闭所有设备""
  },
  ""nlg"": {
    
    ""text"": ""马上关掉""
  }
  
}",,
多设备控制,control_003,指定品类名打开,"FC1,AC1",,发送”打开空调和净化器“音频信息,打开空调和净化器,,
,,,,,校验-状态是否正确,"{
  
  ""asr"": {
    
    ""text"": ""打开空调和净化器""
  },
  ""nlg"": {
    
    ""text"": ""马上打开""
  }
}",,
多设备控制,control_004,指定品类名关掉,"FC1,AC1",,发送“关闭空调和净化器”音频信息,关闭空调和净化器,,
,,,,,校验-状态是否正确,"{
  
  ""asr"": {
    
    ""text"": ""关闭空调和净化器""
  },
  ""nlg"": {
    
    ""text"": ""马上关掉""
  }
}",,
多设备控制,control_005,区域设备控制-打开,"FC1,AC1",,发送”打开客厅所有设备“音频信息,打开客厅所有设备,,
,,,,,校验-状态是否正确,"{
  
  ""asr"": {
    
    ""text"": ""打开客厅所有设备""
  },
  ""nlg"": {
    
    ""text"": ""马上打开""
  }
}",,
多设备控制,control_006,区域设备控制-关闭,"FC1,AC1",,发送“关闭客厅所有设备”音频信息,关闭客厅所有设备,,
,,,,,校验-状态是否正确,"{
  
  ""asr"": {
    
    ""text"": ""关闭客厅所有设备""
  },
  ""nlg"": {
    
    ""text"": ""马上关掉""
  }
}",,
多设备控制,control_007,同品类设备控制-打开,AC1,,发送“打开客厅所有空调”音频信息,打开客厅所有空调,,
,,,,,校验-状态是否正确,"{
  
  ""asr"": {
    
    ""text"": ""打开客厅所有空调""
  },
  ""nlg"": {
    
    ""text"": ""马上打开""
  }
}",,
多设备控制,control_008,同品类设备控制-关闭,AC1,,发送“关闭客厅所有空调”音频信息,关闭客厅所有空调,,
,,,,,校验-状态是否正确,"{
  
  ""asr"": {
    
    ""text"": ""关闭客厅所有空调""
  },
  ""nlg"": {
    
    ""text"": ""马上关掉""
  }
}",,
设备继承,inherit_001,打开净化器-调节风速,FC1,,发送”打开净化器“音频信息,打开净化器,,
,,,,,发送“风速最大”音频信息,风速最大,,
,,,,,发送“风速小一点”音频信息,风速小一点,,
,,,,,校验-状态是否正确,"{
  
  ""asr"": {
    
    ""text"": ""风速小一点""
  },
  ""nlg"": {
    
    ""text"": ""风速""
  },
  ""device_status"": {
    
    ""power"": ""on""
  }
}",,
设备继承,inherit_002,打开净化器-打开空调-调节风速,"FC1,AC1",,发送”打开净化器“音频信息,打开净化器,,
,,,,,发送”打开卧室空调“音频信息,打开卧室空调,,
,,,,,发送”卧室空调设为制冷模式“音频信息,卧室空调设为制冷模式,,
,,,,,发送”卧室空调设为最大风“音频信息,卧室空调设为最大风,,
,,,,,发送“风速小一点”音频信息,风速小一点,,
,,,,,校验-状态是否正确,"{
  
  ""asr"": {
    
    ""text"": ""风速小一点""
  },
  ""nlg"": {
    
    ""text"": ""风速""
  },
  ""device_status"": {
    
    ""wind_speed"": 80
  }
}",,
设备继承,inherit_003,打开净化器-通用技能-空调关机,"FC1,AC1",,发送”打开净化器“音频信息,打开净化器,,
,,,,,发送“现在几点”音频信息,现在几点,,
,,,,,发送“卧室空调关闭”音频信息,卧室空调关闭,,
,,,,,校验-状态是否正确,"{
  
  ""asr"": {
    
    ""text"": ""卧室空调关闭""
  },
  ""nlg"": {
    
    ""text"": ""关机""
  },
  ""device_status"": {
    
    ""power"": ""off""
  }
}",,
免设备名,free_deviceName_001,免设备名-控制灯,,,发送”光线亮一点“音频信息,光线亮一点,,
,,,,,校验-状态是否正确,"{
  
  ""asr"": {
    
    ""text"": ""光线亮一点""
  },
  ""nlg"": {
    
    ""text"": ""没有找到这个家电""
  }
}",,
免设备名,free_deviceName_002,猜测设备名-洗衣机,DB1,,发送”帮我洗衣服“音频信息,帮我洗衣服,,
,,,,,校验-状态是否正确,"{
  
  ""asr"": {
    
    ""text"": ""帮我洗衣服""
  },
  ""nlg"": {
    
    ""text"": ""没有找到这个家电""
  }
}",,
免设备名,free_deviceName_003,继承和猜设备名同时存在,DB1,,发送”洗衣机开机“音频信息,洗衣机开机,,
,,,,,发送”滤芯还能用多久“音频信息,滤芯还能用多久,,
,,,,,校验-状态是否正确,"{
  
  ""asr"": {
    
    ""text"": ""滤芯还能用多久""
  },
  ""nlg"": {
    
    ""text"": ""没有找到这个家电""
  }
}",,
免设备名,free_deviceName_004,免设备+继承设备名,AC1,,发送”打开卧室空调的“音频信息,打开卧室空调,,
,,,,,发送”光线亮一点“音频信息,光线亮一点,,
,,,,,校验-状态是否正确,"{
  
  ""asr"": {
    
    ""text"": ""光线亮一点""
  },
  ""nlg"": {
    
    ""text"": ""没有找到这个家电""
  }
}",,
场景控制,scence_001,我回来了,,,发送“我回来了”音频信息,我回来了,,
,,,,,校验-状态是否正确,"{
  
  ""asr"": {
    
    ""text"": ""我回来了""
  },
  ""nlg"": {
    
    ""text"": ""回家场景""
  }
}",,
场景控制,scence_002,我上班去了,,,发送“我上班去了”音频信息,我上班去了,,
,,,,,校验-状态是否正确,"{
  
  ""asr"": {
    
    ""text"": ""我上班去了""
  },
  ""nlg"": {
    
    ""text"": ""离家场景""
  }
}",,
场景控制,scence_003,早安,,,发送“早安”音频信息,早安,,
,,,,,校验-状态是否正确,"{
  
  ""asr"": {
    
    ""text"": ""早安""
  },
  ""nlg"": {
    
    ""text"": ""晨起场景还没有设备""
  }
}",,
场景控制,scence_004,晚安,,,发送”关闭所有设备“音频信息,关闭所有设备,,
,,,,,发送“晚安”音频信息,晚安,,
,,,,,校验-状态是否正确,"{
  
  ""asr"": {
    
    ""text"": ""晚安""
  },
  ""nlg"": {
    
    ""text"": ""睡个好觉""
  }
}",,
场景控制,scence_005,我要看书了,,,发送“我要看书了”音频信息,我要看书了,,
,,,,,校验-状态是否正确,"{
  
  ""asr"": {
    
    ""text"": ""我要看书了""
  },
  ""nlg"": {
    
    ""text"": ""没有找到阅读场景,请在美的美居APP上添加""
  }
}",,
场景控制,scence_006,浪漫场景,,,发送“浪漫场景”音频信息,浪漫场景,,
,,,,,校验-状态是否正确,"{
  
  ""asr"": {
    
    ""text"": ""浪漫场景""
  },
  ""nlg"": {
    
    ""text"": ""没有找到浪漫场景,请在美的美居APP上添加""
  }
}",,
场景控制,scence_007,聚会场景,,,发送“聚会场景”音频信息,聚会场景,,
,,,,,校验-状态是否正确,"{
  
  ""asr"": {
    
    ""text"": ""聚会场景""
  },
  ""nlg"": {
    
    ""text"": ""没有找到聚会场景,请在美的美居APP上添加""
  }
}",,
场景控制,scence_008,普通场景,,,发送“普通场景”音频信息,普通场景,,
,,,,,校验-状态是否正确,"{
  
  ""asr"": {
    
    ""text"": ""普通场景""
  },
  ""nlg"": {
    
    ""text"": ""没有找到普通场景,请在美的美居APP上添加""
  }
}",,
场景控制,scence_009,大海之歌,,,发送“大海之歌”音频信息,大海之歌,,
,,,,,校验-状态是否正确,"{
  
  ""asr"": {
    
    ""text"": ""大海之歌""
  },
  ""nlg"": {
    
    ""text"": ""正在为您执行场景""
  }
}",,
场景控制,scence_010,暖暖春日,,,发送“暖暖春日”音频信息,暖暖春日,,
,,,,,校验-状态是否正确,"{
  
  ""asr"": {
    
    ""text"": ""暖暖春日""
  },
  ""nlg"": {
    
    ""text"": ""正在为您执行场景""
  }
}",,
场景控制,scence_011,雪山之巅,,,发送“雪山之巅”音频信息,雪山之巅,,
,,,,,校验-状态是否正确,"{
  
  ""asr"": {
    
    ""text"": ""雪山之巅""
  },
  ""nlg"": {
    
    ""text"": ""没有找到雪山之巅场景,请在美的美居APP上添加""
  }
}",,
场景控制,scence_013,万籁俱静,,,发送“万籁俱静”音频信息,万籁俱静,,
,,,,,校验-状态是否正确,"{
  
  ""asr"": {
    
    ""text"": ""万籁俱静""
  },
  ""nlg"": {
    
    ""text"": ""没有找到万籁俱静场景,请在美的美居APP上添加""
  }
}",,
场景控制,scence_014,夜灯场景,,,发送“夜灯场景”音频信息,夜灯场景,,
,,,,,校验-状态是否正确,"{
  
  ""asr"": {
    
    ""text"": ""夜灯场景""
  },
  ""nlg"": {
    
    ""text"": ""没有找到夜灯场景,请在美的美居APP上添加""
  }
}",,
场景控制,scence_015,宝宝洗浴场景,,,发送“宝宝洗浴场景”音频信息,宝宝洗浴场景,,
,,,,,校验-状态是否正确,"{
  
  ""asr"": {
    
    ""text"": ""宝宝洗浴场景""
  },
  ""nlg"": {
    
    ""text"": ""没有找到宝宝场景,请在美的美居APP上添加""
  }
}",,
跨机控制,ac_001,打开空调,AC1,,发送”打开卧室空调的“音频信息,打开卧室空调,,
,,,,,校验-状态是否正确,"{
  
  ""asr"": {
    
    ""text"": ""打开卧室空调""
  },
  ""nlg"": {
    
    ""text"": ""开机""
  },
  ""device_status"": {
    
    ""power"": ""on""
  }
}",,
跨机控制,ac_002,制冷模式,AC1,,发送”打开卧室空调“音频信息,打开卧室空调,,
,,,,,发送”制热模式“音频信息,制热模式卧室空调,,
,,,,,发送”卧室空调设为制冷模式“音频信息,卧室空调设为制冷模式,,
,,,,,校验-状态是否正确,"{
  
  ""asr"": {
    
    ""text"": ""卧室空调设为制冷模式""
  },
  ""nlg"": {
    
    ""text"": ""制冷模式""
  },
  ""device_status"": {
    
    ""mode"": ""cool""
  }
}",,
跨机控制,ac_003,设置温度,AC1,,发送”打开卧室空调“音频信息,打开卧室空调,,
,,,,,发送”制热模式“音频信息,制热模式卧室空调,,
,,,,,发送”卧室空调二十五度“音频信息,卧室空调二十五度,,
,,,,,校验-状态是否正确,"{
  
  ""asr"": {
    
    ""text"": ""卧室空调二十五度""
  },
  ""nlg"": {
    
    ""text"": ""25度""
  },
  ""device_status"": {
    
    ""temperature"": 25
  }
}",,
跨机控制,ac_004,调高风速,AC1,,发送”打开卧室空调“音频信息,打开卧室空调,,
,,,,,发送”卧室空调制冷模式“音频信息,卧室空调制冷模式,,
,,,,,发送”卧室空调设为最大风“音频信息,卧室空调设为最大风,,
,,,,,校验-状态是否正确,"{
  
  ""asr"": {
    
    ""text"": ""卧室空调设为最大风""
  },
  ""nlg"": {
    
    ""text"": ""最大风""
  },
  ""device_status"": {
    
    ""wind_speed"": 100
  }
}",,
跨机控制,ac_005,制热模式,AC1,,发送”打开卧室空调“音频信息,打开卧室空调,,
,,,,,发送”制热模式“音频信息,制热模式卧室空调,,
,,,,,校验-状态是否正确,"{
  
  ""asr"": {
    
    ""text"": ""制热模式卧室空调""
  },
  ""nlg"": {
    
    ""text"": ""制热""
  },
  ""device_status"": {
    
    ""mode"": ""heat""
  }
}",,
跨机控制,ac_006,空调关机,AC1,,发送”卧室空调关闭“音频信息,卧室空调关闭,,
,,,,,校验-状态是否正确,"{
  
  ""asr"": {
    
    ""text"": ""卧室空调关闭""
  },
  ""nlg"": {
    
    ""text"": ""关机""
  },
  ""device_status"": {
    
    ""power"": ""off""
  }
}",,
跨机控制,ac_007,在开机状态下-查询空调状态,AC1,,发送”打开卧室空调“音频信息,打开卧室空调,,
,,,,,发送”卧室空调当前状态“音频信息,卧室空调当前状态,,
,,,,,校验-状态是否正确,"{
  
  ""asr"": {
    
    ""text"": ""卧室空调当前状态""
  },
  ""nlg"": {
    
    ""text"": ""空调当前温度设定为""
  }
}",,
跨机控制,ac_008,在关闭状态下-查询空调状态,AC1,,发送”卧室空调关闭“音频信息,卧室空调关闭,,
,,,,,发送”卧室空调当前状态“音频信息,卧室空调当前状态,,
,,,,,校验-状态是否正确,"{
 
  ""asr"": {
    
    ""text"": ""卧室空调当前状态""
  },
  ""nlg"": {
    
    ""text"": ""空调已经关掉了""
  }
}",,
查询类,serach_001,空气质量查询,FC1,,发送打开净化器,打开净化器,,
,,,,,发送室内空气质量怎么样,室内空气质量怎么样,,
,,,,,校验-状态是否正确,"{
  
  ""asr"": {
    
    ""text"": ""室内空气质量怎么样""
  },
  ""nlg"": {
    
    ""text"": ""PM2.5""
  }
}",,
查询类,serach_002,空调状态,AC1,,发送打开卧室空调,打开卧室空调,,
,,,,,发送空调当前状态音频,空调当前状态,,
,,,,,校验-状态是否正确,"{
  
  ""asr"": {
    
    ""text"": ""空调当前状态""
  },
  ""nlg"": {
    
    ""text"": ""温度""
  }
}",,
查询类,serach_003,我有哪些智能家电,,,发送我有哪些智能家电音频,我有哪些智能家电,,
,,,,,校验-状态是否正确,"{
  
  ""asr"": {
    
    ""text"": ""我有哪些智能家电""
  },
  ""nlg"": {
    
    ""text"": ""目前小美可以控制的家电有""
  }
}",,
Public,public_001,音乐技能,,,发送“来一首歌”,来一首歌,,
,,,,,校验-状态是否正确,"{
  ""asr"": {
    ""text"": ""来一首歌""
  },
  ""nlg"": {
    ""text"": """"
  }
}",,
Public,public_002,儿歌技能,,,发送“来一首儿歌”,来一首儿歌,,
,,,,,校验-状态是否正确,"{
  ""asr"": {
    ""text"": ""来一首儿歌""
  },
  ""nlg"": {
    ""text"": """"
  }
}",,
Public,public_003,故事技能,,,发送“讲个故事吧”,讲个故事吧,,
,,,,,校验-状态是否正确,"{
  ""asr"": {
    ""text"": ""讲个故事吧""
  },
  ""nlg"": {
    ""text"": """"
  }
}",,
Public,public_004,笑话技能,,,发送“讲个笑话吧”,讲个笑话吧,,
,,,,,校验-状态是否正确,"{
  ""asr"": {
    ""text"": ""讲个笑话吧""
  },
  ""nlg"": {
    ""text"": """"
  }
}",,
Public,public_005,曲艺技能,,,发送“来一首戏曲”,来一首戏曲,,
,,,,,校验-状态是否正确,"{
  ""asr"": {
    ""text"": ""来一首戏曲""
  },
  ""nlg"": {
    ""text"": """"
  }
}",,
Public,public_006,相声技能,,,发送“来一段相声”,来一段相声,,
,,,,,校验-状态是否正确,"{
  ""asr"": {
    ""text"": ""来一段相声""
  },
  ""nlg"": {
    ""text"": """"
  }
}",,
Public,public_007,天气技能,,,发送“天气预报”,天气预报,,
,,,,,校验-状态是否正确,"{
  ""asr"": {
    ""text"": ""天气预报""
  },
  ""nlg"": {
    ""text"": ""气温""
  }
}",,
Public,public_008,时间技能,,,发送“现在几点”,现在几点,,
,,,,,校验-状态是否正确,"{
  ""asr"": {
    ""text"": ""现在几点""
  },
  ""nlg"": {
    ""text"": ""时间""
  }
}",,
Public,public_009,日期技能,,,发送“还有多久元旦”,还有多久元旦,,
,,,,,校验-状态是否正确,"{
  ""asr"": {
    ""text"": ""还有多久元旦""
  },
  ""nlg"": {
    ""text"": ""元旦""
  }
}",,
Public,public_010,闲聊技能,,,发送“你是谁”,你是谁,,
,,,,,校验-状态是否正确,"{
  ""asr"": {
    ""text"": ""你是谁""
  },
  ""nlg"": {
    ""text"": ""小美""
  }
}",,
rasa,rasa_001,空调,,,发送“空调为什么会漏水“音频信息,空调为什么会漏水,,
,,,,,校验-状态是否正确,"{
  
  ""asr"": {
    
    ""text"": ""空调为什么会漏水""
  },
  ""nlg"": {
    
    ""text"": ""排水管堵塞""
  }
}",,
rasa,rasa_002,冰箱,,,发送“冰箱制冷效果不好“音频信息,冰箱制冷效果不好,,
,,,,,校验-状态是否正确,"{
  
  ""asr"": {
    
    ""text"": ""冰箱制冷效果不好""
  },
  ""nlg"": {
    
    ""text"": ""请将冰箱温度调低，关好冰箱门""
  }
}",,
rasa,rasa_003,离线,,,发送“家电离线怎么解决“音频信息,家电离线怎么解决,,
,,,,,校验-状态是否正确,"{
  
  ""asr"": {
    
    ""text"": ""家电离线怎么解决""
  },
  ""nlg"": {
    
    ""text"": ""亲，空调离线可能是由以下问题导致哦""
  }
}",,
rasa,rasa_004,洗衣机,,,发送“为什么洗衣机不脱水“音频信息,为什么洗衣机不脱水,,
,,,,,校验-状态是否正确,"{
  
  ""asr"": {
    
    ""text"": ""为什么洗衣机不脱水啦""
  },
  ""nlg"": {
    
    ""text"": ""请检查：1门盖是否关上""
  }
}",,
rasa,rasa_005,空调,,,发送“什么叫情景体验“音频信息,什么叫情景体验,,
,,,,,校验-状态是否正确,"{
  
  ""asr"": {
    
    ""text"": ""什么叫情景体验""
  },
  ""nlg"": {
    
    ""text"": ""情景体验是科幕空间站通过研究人体健康大数据，综合考虑人体对环境和空间的感受，预设空调参数，让用户一键即达舒适和健康的环境。如果您想使用情景体验，请对我说，小美小美， 打开情景体验""
  }
}",,
rasa,rasa_006,空调,,,发送“什么叫风吹人“音频信息,什么叫风吹人,,
,,,,,校验-状态是否正确,"{
  
  ""asr"": {
    
    ""text"": ""什么叫风吹人""
  },
  ""nlg"": {
    
    ""text"": ""风吹人是通过空调摄像头，计算出人体实时位置，仅对该区域进行送风。送风区域可以跟随人体走动而随时变化，人动，风也动。如您想设置风吹人，请对我说，小美小美，空调打开风吹人。""
  }
}",,
rasa,rasa_007,空调,,,发送“什么叫风避人“音频信息,什么叫风避人,,
,,,,,校验-状态是否正确,"{
  
  ""asr"": {
    
    ""text"": ""什么叫风避人""
  },
  ""nlg"": {
    
    ""text"": ""风避人是通过空调摄像头，计算出人体实时位置，让风避开人体位置。避风区域可以跟随人体走动而随时变化，人在哪里，避风区域就在哪里。如您想设置风避人，请对我说，小美小美， 空调打开风避人。""
  }
}",,
rasa,rasa_008,空调,,,发送“情景体验可以帮我解决什么问题“音频信息,情景体验可以帮我解决什么问题,,
,,,,,校验-状态是否正确,"{
  
  ""asr"": {
    
    ""text"": ""情景体验可以帮我解决什么问题""
  },
  ""nlg"": {
    
    ""text"": ""情景体验是科幕空间站通过研究人体健康大数据，综合考虑人体对环境和空间的感受，预设空调参数，让用户一键即达舒适和健康的环境。如果您想使用情景体验，请对我说，小美小美， 打开情景体验""
  }
}",,
rasa,rasa_009,空调,,,发送“空调加湿箱缺水了怎么办“音频信息,空调加湿箱缺水了怎么办,,
,,,,,校验-状态是否正确,"{
  
  ""asr"": {
    
    ""text"": ""空调加湿箱缺水了怎么办""
  },
  ""nlg"": {
    
    ""text"": ""请查看纸质说明书第17页，《水箱加水及加湿滤网更换》章节查看详细介绍""
  }
}",,
rasa,rasa_010,空调,,,发送“空调水箱缺水了怎么加水“音频信息,空调水箱缺水了怎么加水,,
,,,,,校验-状态是否正确,"{
  
  ""asr"": {
    
    ""text"": ""空调水箱缺水了怎么加水""
  },
  ""nlg"": {
    
    ""text"": ""请查看纸质说明书第17页，《水箱加水及加湿滤网更换》章节查看详细介绍""
  }
}",,
rasa,rasa_011,空调,,,发送“空调缺水了怎么办“音频信息,空调缺水了怎么办,,
,,,,,校验-状态是否正确,"{
  
  ""asr"": {
    
    ""text"": ""空调缺水了怎么办""
  },
  ""nlg"": {
    
    ""text"": ""请查看纸质说明书第17页，《水箱加水及加湿滤网更换》章节查看详细介绍""
  }
}",,
rasa,rasa_012,空调,,,发送“风吹人可以帮我解决什么问题“音频信息,风吹人可以帮我解决什么问题,,
,,,,,校验-状态是否正确,"{
  
  ""asr"": {
    
    ""text"": ""风吹人可以帮我解决什么问题""
  },
  ""nlg"": {
    
    ""text"": ""风吹人是通过空调摄像头，计算出人体实时位置，仅对该区域进行送风。送风区域可以跟随人体走动而随时变化，人动，风也动。如您想设置风吹人，请对我说，小美小美，空调打开风吹人。""
  }
}",,
rasa,rasa_013,空调,,,发送“风避人是什么效果“音频信息,风避人是什么效果,,
,,,,,校验-状态是否正确,"{
  
  ""asr"": {
    
    ""text"": ""风避人是什么效果""
  },
  ""nlg"": {
    
    ""text"": ""风避人是通过空调摄像头，计算出人体实时位置，让风避开人体位置。避风区域可以跟随人体走动而随时变化，人在哪里，避风区域就在哪里。如您想设置风避人，请对我说，小美小美， 空调打开风避人。""
  }
}",,
rasa,rasa_014,空调,,,发送“风避人有什么用“音频信息,风避人有什么用,,
,,,,,校验-状态是否正确,"{
  
  ""asr"": {
    
    ""text"": ""风避人有什么用""
  },
  ""nlg"": {
    
    ""text"": ""风避人是通过空调摄像头，计算出人体实时位置，让风避开人体位置。避风区域可以跟随人体走动而随时变化，人在哪里，避风区域就在哪里。如您想设置风避人，请对我说，小美小美， 空调打开风避人。""
  }
}",,
rasa,rasa_015,空调,,,发送“风避人的意思是什么“音频信息,风避人的意思是什么,,
,,,,,校验-状态是否正确,"{
  
  ""asr"": {
    
    ""text"": ""风避人的意思是什么""
  },
  ""nlg"": {
    
    ""text"": ""风避人是通过空调摄像头，计算出人体实时位置，让风避开人体位置。避风区域可以跟随人体走动而随时变化，人在哪里，避风区域就在哪里。如您想设置风避人，请对我说，小美小美， 空调打开风避人。""
  }
}",,
rasa,rasa_016,空调,,,发送“麻烦告诉我一下什么是情景体验“音频信息,麻烦告诉我一下什么是情景体验,,
,,,,,校验-状态是否正确,"{
  
  ""asr"": {
    
    ""text"": ""麻烦告诉我一下什么是情景体验""
  },
  ""nlg"": {
    
    ""text"": ""情景体验是科幕空间站通过研究人体健康大数据，综合考虑人体对环境和空间的感受，预设空调参数，让用户一键即达舒适和健康的环境。如果您想使用情景体验，请对我说，小美小美， 打开情景体验""
  }
}",,
rasa,rasa_017,空调,,,发送“麻烦告诉我一下什么是风吹人“音频信息,麻烦告诉我一下什么是风吹人,,
,,,,,校验-状态是否正确,"{
  
  ""asr"": {
    
    ""text"": ""麻烦告诉我一下什么是风吹人""
  },
  ""nlg"": {
    
    ""text"": ""风吹人是通过空调摄像头，计算出人体实时位置，仅对该区域进行送风。送风区域可以跟随人体走动而随时变化，人动，风也动。如您想设置风吹人，请对我说，小美小美，空调打开风吹人。""
  }
}",,
故障码问询,gz_001,多轮-空调e1故障码,,,发送“空调e1故障”音频信息,空调e1故障,,
,,,,,发送“数字一”音频信息,数字一,,
,,,,,校验-状态是否正确,"{
  
  ""asr"": {
    
    ""text"": ""数字一""
  },
  ""nlg"": {
    
    ""text"": ""这是空调的外机跟内机通信故障，请通过美的服务微信公众号或电话预约维修服务，服务热线：400-889-9315""
  }
}",,
故障码问询,gz_002,暂不支持的设备,,,发送“微波炉显示C1”音频信息,微波炉显示C1,,
,,,,,校验-状态是否正确,"{
  
  ""asr"": {
    
    ""text"": ""微波炉显示C一""
  },
  ""nlg"": {
    
    ""text"": ""暂时还未有微波炉的信息""
  }
}",,
故障码问询,gz_004,不支持的故障码,,,发送“空调显示C1”音频信息,空调显示C1,,
,,,,,校验-状态是否正确,"{
  
  ""asr"": {
    
    ""text"": ""空调显示C一""
  },
  ""nlg"": {
    
    ""text"": ""空调好像还没有C1这个故障，麻烦再确认下""
  }
}",,
故障码问询,gz_005,单轮-冰箱故障码,,,发送“冰箱e5故障”音频信息,冰箱e5故障,,
,,,,,校验-状态是否正确,"{
  
  ""asr"": {
    
    ""text"": ""冰箱E五故障""
  },
  ""nlg"": {
    
    ""text"": ""您的冰箱冷冻室化霜传感器故障，传感器信号超出设定范""
  }
}",,
故障码问询,gz_006,单轮-空调e2故障码,,,发送“空调e2”音频信息,空调e2,,
,,,,,校验-状态是否正确,"{
  
  ""asr"": {
    
    ""text"": ""空调E二""
  },
  ""nlg"": {
    
    ""text"": ""这是过零检测故障，要换室内主板，请通过美的服务微信公众号或电话预约维修服务""
  }
}",,
故障码问询,gz_007,单轮-洗衣机故障码,,,发送“洗衣机显示E3”音频信息,洗衣机显示E3,,
,,,,,校验-状态是否正确,"{
  
  ""asr"": {
    
    ""text"": ""洗衣机显示E三""
  },
  ""nlg"": {
    
    ""text"": ""由于门锁过热自我保护，无法自锁或者解锁，请等待片刻后再试；或都关闭机器电源，等5秒钟后重新接通后再试""
  }
}",,
故障码问询,gz_008,单轮-电饭煲显示C2,,,发送“电饭煲显示C2”音频信息,电饭煲显示C2,,
,,,,,校验-状态是否正确,"{
  
  ""asr"": {
    
    ""text"": ""电饭煲显示C二""
  },
  ""nlg"": {
    
    ""text"": ""请检查电饭煲出风口是否堵塞？风扇转动是否顺畅""
  }
}",,
故障码问询,gz_009,单轮-电压力锅显示C1,,,发送“电压力锅显示C1”音频信息,电压力锅显示C1,,
,,,,,校验-状态是否正确,"{
  
  ""asr"": {
    
    ""text"": ""电压力锅显示C一""
  },
  ""nlg"": {
    
    ""text"": ""请检查电压力锅内是否有水或食物？若有水或食物，请将电压力锅断电""
  }
}",,
故障码问询,gz_010,单轮-洗碗机显示E2,,,发送“洗碗机显示E2”音频信息,洗碗机显示E2,,
,,,,,校验-状态是否正确,"{
  
  ""asr"": {
    
    ""text"": ""洗碗机显示E二""
  },
  ""nlg"": {
    
    ""text"": ""主人，E2是排水或过水位异常，查看排水管是否堵塞打折，排水泵是否损坏""
  }
}",,
故障码问询,gz_011,单轮-消毒柜显示E3,,,发送“消毒柜显示E3”音频信息,消毒柜显示E3,,
,,,,,校验-状态是否正确,"{
  
  ""asr"": {
    
    ""text"": ""消毒柜显示E三""
  },
  ""nlg"": {
    
    ""text"": ""出现E3报警是机器故障""
  }
}",,
故障码问询,gz_012,单轮-茶吧机显示F1,,,发送“消毒柜显示E3”音频信息,茶吧机显示F1,,
,,,,,校验-状态是否正确,"{
  
  ""asr"": {
    
    ""text"": ""茶吧机显示F一""
  },
  ""nlg"": {
    
    ""text"": ""热水传感器短路""
  }
}",,
冰箱食材,CA_001,设备状态查询,CA,,发送“冰箱里有什么”的音频信息,冰箱里有什么,,
,,,,,校验-状态是否正确,"{
  
  ""asr"": {
    
    ""text"": ""冰箱里有什么""
  },
  ""nlg"": {
    
    ""text"": ""食材""
  }
}",,
冰箱食材,CA_002,查询不存在的食材-鸡蛋,CA,,发送“删除冰箱冷藏室的鸡蛋”的音频信息,删除冰箱冷藏室的鸡蛋,,
,,,,,发送“冰箱里还有鸡蛋吗”的音频信息,冰箱里还有鸡蛋吗,,
,,,,,校验-状态是否正确,"{
  
  ""asr"": {
    
    ""text"": ""冰箱里还有鸡蛋吗""
  },
  ""nlg"": {
    
    ""text"": ""冰箱里已经没有鸡蛋了""
  }
}",,
冰箱食材,CA_003,删除不存在的食材-鸡蛋,CA,,发送“删除冰箱里的鸡蛋”的音频信息,删除冰箱里的鸡蛋,,
,,,,,发送“删除冰箱里的鸡蛋”的音频信息,删除冰箱里的鸡蛋,,
,,,,,校验-状态是否正确,"{
  
  ""asr"": {
    
    ""text"": ""删除冰箱里的鸡蛋""
  },
  ""nlg"": {
    
    ""text"": ""没有找到鸡蛋记录""
  }
}",,
冰箱食材,CA_004,增加食材-鸡蛋,CA,,发送“把鸡蛋放入冰箱冷藏室”的音频信息,把鸡蛋放入冰箱冷藏室,,
,,,,,校验-状态是否正确,"{
  
  ""asr"": {
    
    ""text"": ""把鸡蛋放入冰箱冷藏室""
  },
  ""nlg"": {
    
    ""text"": ""记录""
  }
}",,
冰箱食材,CA_005,场景用例（增加-查询）,CA,,发送“把鸡蛋放入冰箱冷藏室”的音频信息,把鸡蛋放入冰箱冷藏室,,
,,,,,发送“冰箱里还有鸡蛋吗”的音频信息,冰箱里还有鸡蛋吗,,
,,,,,校验-状态是否正确,"{
  
  ""asr"": {
    
    ""text"": ""冰箱里还有鸡蛋吗""
  },
  ""nlg"": {
    
    ""text"": ""冰箱里还有鸡蛋""
  }
}",,
冰箱食材,CA_006,场景用例（增加-删除-查询）,CA,,发送“把鸡蛋放入冰箱冷藏室”的音频信息,把鸡蛋放入冰箱冷藏室,,
,,,,,发送“删除冰箱里的鸡蛋”的音频信息,删除冰箱里的鸡蛋,,
,,,,,发送“冰箱里还有鸡蛋吗”的音频信息,冰箱里还有鸡蛋吗,,
,,,,,校验-状态是否正确,"{
  
  ""asr"": {
    
    ""text"": ""冰箱里还有鸡蛋吗""
  },
  ""nlg"": {
    
    ""text"": ""冰箱里已经没有鸡蛋了""
  }
}",,
播放控制,player_001,无播放资源时，暂停播放,,,发送“暂停播放”,暂停播放,,
,,,,,校验-状态是否正确,"{
  
  ""asr"": {
    
    ""text"": ""暂停播放""
  },
  ""nlg"": {
    ""code"": 200,
    ""text"": ""想听歌可以对小美说""
  },    
  ""328_fullDuplex"": {""nlg"": {
        ""code"": 200
    }}
}",,
播放控制,player_002,无播放资源时，继续播放,,,发送“继续播放”,继续播放,,
,,,,,校验-状态是否正确,"{
  
  ""asr"": {
    
    ""text"": ""继续播放""
  },
  ""nlg"": {
    ""code"": 200,
    ""text"": ""想听歌可以对小美说""
  },    
  ""328_fullDuplex"": {""nlg"": {
        ""code"": 200
    }}
}",,
播放控制,player_003,无播放资源时，停止播放,,,发送“停止播放”,停止播放,,
,,,,,校验-状态是否正确,"{
  
  ""asr"": {
    
    ""text"": ""停止播放""
  },
  ""nlg"": {
    ""code"": 200,
    ""text"": ""想听歌可以对小美说""
  },    
  ""328_fullDuplex"": {""nlg"": {
        ""code"": 200
    }}
}",,
播放控制,player_004,正常暂停播放,,,发送“来一首歌”,来一首歌,,
,,,,,发送“暂停播放”,暂停播放,,
,,,,,校验-状态是否正确,"{
  
  ""asr"": {
    
    ""text"": ""暂停播放""
  },
  ""nlg"": {
    
    ""text"": ""即将暂停""
  }
}",,
播放控制,player_005,正常继续播放播放,,,发送“来一首歌”,来一首歌,,
,,,,,发送“暂停播放”,暂停播放,,
,,,,,发送“继续播放”,继续播放,,
,,,,,校验-状态是否正确,"{
  
  ""asr"": {
    
    ""text"": ""继续播放""
  },
  ""nlg"": {
    
    ""player"": ""RESUME""
  }
}",,
播放控制,player_006,暂停播放状态，继续暂停播放,,,发送“来一首歌”,来一首歌,,
,,,,,发送“暂停播放”,暂停播放,,
,,,,,发送“暂停播放”,暂停播放,,
,,,,,校验-状态是否正确,"{
  
  ""asr"": {
    
    ""text"": ""暂停播放""
  },
  ""nlg"": {
    
    ""text"": ""即将暂停""
  }
}",,
播放控制,player_007,播放状态，继续播放,,,发送“来一首歌”,来一首歌,,
,,,,,发送“继续播放”,继续播放,,
,,,,,校验-状态是否正确,"{
  
  ""asr"": {
    
    ""text"": ""继续播放""
  },
  ""nlg"": {
    
    ""player"": ""RESUME""
  }
}",,
播放控制,player_008,播放状态，停止播放,,,发送“来一首歌”,来一首歌,,
,,,,,发送“停止播放”,停止播放,,
,,,,,校验-状态是否正确,"{
  
  ""asr"": {
    
    ""text"": ""停止播放""
  },
  ""nlg"": {
    
    ""text"": ""即将停止""
  }
}",,
播放控制,player_009,暂停播放状态，停止播放,,,发送“来一首歌”,来一首歌,,
,,,,,发送“暂停播放”,暂停播放,,
,,,,,发送“停止播放”,停止播放,,
,,,,,校验-状态是否正确,"{
  
  ""asr"": {
    
    ""text"": ""停止播放""
  },
  ""nlg"": {
    
    ""text"": ""即将停止""
  }
}",,
播放控制,player_010,停止播放状态检验,,,发送“来一首歌”,来一首歌,,
,,,,,发送“停止播放”,停止播放,,
,,,,,发送“暂停播放”,暂停播放,,
,,,,,校验-状态是否正确,"{
  
  ""asr"": {
    
    ""text"": ""暂停播放""
  },
  ""nlg"": {
    ""code"": 200,
    ""text"": ""想听歌可以对小美说""
  },    
  ""328_fullDuplex"": {""nlg"": {
        ""code"": 200
    }}
}",,
播放控制,playMode__001,播放控制之单曲循环,,,发送“单曲循环”,单曲循环,,
,,,,,校验-状态是否正确,"{
    ""error_device"": [""3308_halfDuplex""],
    ""asr"": {
        ""text"": ""单曲循环"",
    },
    ""nlg"": {
        ""text"": ""已经打开单曲循环""
    },
    ""order_config"": {
        ""order"": [{
            ""class"": ""playMode"",
            ""playMode"": {
                ""mode"": ""singleCycle""
            }
        }]
    },
    ""3308_halfDuplex"": {""nlg"": {
        ""text"": ""抱歉,暂不支持单曲循环!""
    }
    }
}",,
播放控制,playMode__002,播放控制之列表循环,,,发送“列表循环”,打开列表循环,,
,,,,,校验-状态是否正确,"{
    ""error_device"": [""3308_halfDuplex""],
    ""asr"": {
        ""text"": ""打开列表循环"",
    },
    ""nlg"": {
        ""text"": ""已经打开列表循环""
    },
    ""order_config"": {
        ""order"": [{
            ""class"": ""playMode"",
            ""playMode"": {
                ""mode"": ""listCycle""
            }
        }]
    },
    ""3308_halfDuplex"": {""nlg"": {
        ""text"": ""抱歉,暂不支持列表循环!""
    }
    }
}",,
播放控制,playMode__003,播放控制之随机播放,,,发送“打开随机播放”,打开随机播放,,
,,,,,校验-状态是否正确,"{
    ""error_device"": [""3308_halfDuplex""],
    ""asr"": {
        ""text"": ""打开随机播放"",
    },
    ""nlg"": {
        ""text"": ""已经打开随机播放""
    },
    ""order_config"": {
        ""order"": [{
            ""class"": ""playMode"",
            ""playMode"": {
                ""mode"": ""randomPlay""
            }
        }]
    },
    ""3308_halfDuplex"": {""nlg"": {
        ""text"": ""抱歉,暂不支持随机播放!""
    }
    }
}",,
播放控制,playMode__004,播放控制之顺序播放,,,发送“打开顺序播放”,打开顺序播放,,
,,,,,校验-状态是否正确,"{
    ""error_device"": [""3308_halfDuplex""],
    ""asr"": {
        ""text"": ""打开顺序播放"",
    },
    ""nlg"": {
        ""text"": ""已经打开顺序播放""
    },
    ""order_config"": {
        ""order"": [{
            ""class"": ""playMode"",
            ""playMode"": {
                ""mode"": ""orderPlay""
            }
        }]
    },
    ""3308_halfDuplex"": {""nlg"": {
        ""text"": ""抱歉,暂不支持顺序播放!""
    }
    }
}",,
音量调节,volume_001,音量档位调节为一档,,,发送“音量设为一档”,音量设为一档,,
,,,,,校验-状态是否正确,"{
  
  ""asr"": {
    
    ""text"": ""音量设为一档""
  },
  ""nlg"": {
    
    ""text"": ""调为一档""
  }
}",,
音量调节,volume_002,检查音量调节一档是否成功,,,发送“音量设为一档”,音量设为一档,,
,,,,,发送“当前音量是多少”,当前音量是多少,,
,,,,,校验-状态是否正确,"{
  
  ""asr"": {
    
    ""text"": ""当前音量是多少""
  },
  ""nlg"": {
    
    ""text"": ""当前音量为1%""
  }
}",,
音量调节,volume_003,音量档位调节为二档,,,发送“音量设为二档”,音量设为二档,,
,,,,,校验-状态是否正确,"{
  
  ""asr"": {
    
    ""text"": ""音量设为二档""
  },
  ""nlg"": {
    
    ""text"": ""调为二档""
  }
}",,
音量调节,volume_004,检查音量调节二档是否成功,,,发送“音量设为二档”,音量设为二档,,
,,,,,发送“当前音量是多少”,当前音量是多少,,
,,,,,校验-状态是否正确,"{
  
  ""asr"": {
    
    ""text"": ""当前音量是多少""
  },
  ""nlg"": {
    
    ""text"": ""当前音量为25%""
  }
}",,
音量调节,volume_005,音量档位调节为三档,,,发送“音量设为三档”,音量设为三档,,
,,,,,校验-状态是否正确,"{
  
  ""asr"": {
    
    ""text"": ""音量设为三档""
  },
  ""nlg"": {
    
    ""text"": ""调为三档""
  }
}",,
音量调节,volume_006,检查音量调节三档是否成功,,,发送“音量设为三档”,音量设为三档,,
,,,,,发送“当前音量是多少”,当前音量是多少,,
,,,,,校验-状态是否正确,"{
  
  ""asr"": {
    
    ""text"": ""当前音量是多少""
  },
  ""nlg"": {
    
    ""text"": ""当前音量为50%""
  }
}",,
音量调节,volume_007,音量档位调节为四档,,,发送“音量设为四档”,音量设为四档,,
,,,,,校验-状态是否正确,"{
  
  ""asr"": {
    
    ""text"": ""音量设为四档""
  },
  ""nlg"": {
    
    ""text"": ""调为四档""
  }
}",,
音量调节,volume_008,检查音量调节四档是否成功,,,发送“音量设为四档”,音量设为四档,,
,,,,,发送“当前音量是多少”,当前音量是多少,,
,,,,,校验-状态是否正确,"{
  
  ""asr"": {
    
    ""text"": ""当前音量是多少""
  },
  ""nlg"": {
    
    ""text"": ""当前音量为75%""
  }
}",,
音量调节,volume_009,音量档位调节为五档,,,发送“音量设为五档”,音量设为五档,,
,,,,,校验-状态是否正确,"{
  
  ""asr"": {
    
    ""text"": ""音量设为五档""
  },
  ""nlg"": {
    
    ""text"": ""调为五档""
  }
}",,
音量调节,volume_010,检查音量调节五档是否成功,,,发送“音量设为五档”,音量设为五档,,
,,,,,发送“当前音量是多少”,当前音量是多少,,
,,,,,校验-状态是否正确,"{
  
  ""asr"": {
    
    ""text"": ""当前音量是多少""
  },
  ""nlg"": {
    
    ""text"": ""当前音量为100%""
  }
}",,
音量调节,volume_011,音量档位调节为最小档,,,发送“音量最小”,音量最小,,
,,,,,校验-状态是否正确,"{
  
  ""asr"": {
    
    ""text"": ""音量最小""
  },
  ""nlg"": {
    
    ""text"": ""调为最小音量""
  }
}",,
音量调节,volume_012,检查音量调节最小是否成功,,,发送“音量最小”,音量最小,,
,,,,,发送“当前音量是多少”,当前音量是多少,,
,,,,,校验-状态是否正确,"{
  
  ""asr"": {
    
    ""text"": ""当前音量是多少""
  },
  ""nlg"": {
    
    ""text"": ""当前音量为1%""
  }
}",,
音量调节,volume_013,音量档位调节为最大档,,,发送“音量最大”,音量最大,,
,,,,,校验-状态是否正确,"{
  
  ""asr"": {
    
    ""text"": ""音量最大""
  },
  ""nlg"": {
    
    ""text"": ""调为最大音量""
  }
}",,
音量调节,volume_014,检查音量调节最大是否成功,,,发送“音量最大”,音量最大,,
,,,,,发送“当前音量是多少”,当前音量是多少,,
,,,,,校验-状态是否正确,"{
  
  ""asr"": {
    
    ""text"": ""当前音量是多少""
  },
  ""nlg"": {
    
    ""text"": ""当前音量为100%""
  }
}",,
音量调节,volume_015,档位调节超出预设档位,,,发送“音量设为六档”,音量设为六档,,
,,,,,校验-状态是否正确,"{
  
  ""asr"": {
    
    ""text"": ""音量设为六档""
  },
  ""nlg"": {
    
    ""text"": ""音量范围是一到五档""
  }
}",,
音量调节,volume_016,百分比音量调节―20%,,,发送“音量设为百分之二十”,音量设为百分之二十,,
,,,,,校验-状态是否正确,"{
  
  ""asr"": {
    
    ""text"": ""音量设为百分之二十""
  },
  ""nlg"": {
    
    ""text"": ""音量已调到百分之20""
  }
}",,
音量调节,volume_017,检查百分比音量调节―20%,,,发送“音量设为百分之二十”,音量设为百分之二十,,
,,,,,发送“当前音量是多少”,当前音量是多少,,
,,,,,校验-状态是否正确,"{
  
  ""asr"": {
    
    ""text"": ""当前音量是多少""
  },
  ""nlg"": {
    
    ""text"": ""当前音量为20%""
  }
}",,
音量调节,volume_018,百分比音量调节―60%,,,发送“音量设为百分之六十”,音量设为百分之六十,,
,,,,,校验-状态是否正确,"{
  
  ""asr"": {
    
    ""text"": ""音量设为百分之六十""
  },
  ""nlg"": {
    
    ""text"": ""音量已调到百分之60""
  }
}",,
音量调节,volume_019,检查百分比音量调节―60%,,,发送“音量设为百分之六十”,音量设为百分之六十,,
,,,,,发送“当前音量是多少”,当前音量是多少,,
,,,,,校验-状态是否正确,"{
  
  ""asr"": {
    
    ""text"": ""当前音量是多少""
  },
  ""nlg"": {
    
    ""text"": ""当前音量为60%""
  }
}",,
音量调节,volume_020,百分比音量调节―1%,,,发送“音量设为百分之一”,音量设为百分之一,,
,,,,,校验-状态是否正确,"{
  
  ""asr"": {
    
    ""text"": ""音量设为百分之一""
  },
  ""nlg"": {
    
    ""text"": ""音量已调到百分之1""
  }
}",,
音量调节,volume_021,检查百分比音量调节―1%,,,发送“音量设为百分之一”,音量设为百分之一,,
,,,,,发送“当前音量是多少”,当前音量是多少,,
,,,,,校验-状态是否正确,"{
  
  ""asr"": {
    
    ""text"": ""当前音量是多少""
  },
  ""nlg"": {
    
    ""text"": ""当前音量为1%""
  }
}",,
音量调节,volume_022,百分比音量调节―100%,,,发送“音量设为百分之一”,音量设为百分之一百,,
,,,,,校验-状态是否正确,"{
  
  ""asr"": {
    
    ""text"": ""音量设为百分之一百""
  },
  ""nlg"": {
    
    ""text"": ""音量已调到百分之1""
  }
}",,
音量调节,volume_023,检查百分比音量调节―100%,,,发送“音量设为百分之一百”,音量设为百分之一百,,
,,,,,发送“当前音量是多少”,当前音量是多少,,
,,,,,校验-状态是否正确,"{
  
  ""asr"": {
    
    ""text"": ""当前音量是多少""
  },
  ""nlg"": {
    
    ""text"": ""当前音量为100%""
  }
}",,
音量调节,volume_024,音量百分比调节超出范围,,,发送“音量设为百分之一百二”,音量设为百分之一百二,,
,,,,,校验-状态是否正确,"{
  
  ""asr"": {
    
    ""text"": ""音量设为百分之一百二""
  },
  ""nlg"": {
    
    ""text"": ""音量最大为百分之一百，已为您调到最大音量""
  }
}",,
闹钟技能,alarm_001,无闹钟时查询闹钟,,,重置所有闹钟,删除所有闹钟,,
,,,,,发送我有几个闹钟,我有几个闹钟,,
,,,,,校验-状态是否正确,"{""asr"": {
    
    ""text"": ""我有几个闹钟""
  },
  ""nlg"": {
    
    ""text"": ""你还没有设置闹钟""
  }
}",,
闹钟技能,alarm_002,到时间点时闹钟响起,,1,发送“删除所有闹钟”,删除所有闹钟,,
,,,,,发送帮我定个1分钟后的闹钟,帮我定个一分钟后的闹钟,,
,,,,,校验-状态是否正确,"{
    ""asr"": {
        ""text"": ""帮我定个一分钟后的闹钟""
    },
    ""nlg"": {
        ""text"": ""闹钟定好喽""
    },
    ""clock"": {
        ""url"": ""https://midea-ai-public-resource.oss-cn-hangzhou.aliyuncs.com/audio/clock.mp3""
    }}",,
闹钟技能,alarm_003,闹钟过期后查询闹钟,,1,重置所有闹钟,删除所有闹钟,,
,,,,,发送帮我定个1分钟后的闹钟,帮我定个一分钟后的闹钟,,
,,,,,发送我有几个闹钟,我有几个闹钟,,
,,,,,校验-状态是否正确,"{""asr"": {
    
    ""text"": ""我有几个闹钟""
  },
  ""nlg"": {
    
    ""text"": ""你还没有设置闹钟""
  }
}",,
闹钟技能,alarm_004,删除闹钟后查询闹钟,,,发送帮我定个2分钟后的闹钟,帮我定个两分钟后的闹钟,,
,,,,,发送删除所有闹钟,删除所有闹钟,,
,,,,,发送我有几个闹钟,我有几个闹钟,,
,,,,,校验-状态是否正确,"{""asr"": {
    
    ""text"": ""我有几个闹钟""
  },
  ""nlg"": {
    
    ""text"": ""你还没有设置闹钟""
  }
}",,
闹钟技能,alarm_005,今明2天都有闹钟，查询闹钟,,,重置闹钟,删除所有的闹钟,,
,,,,,重置提醒,删除所有的提醒,,
,,,,,发送帮我定个今天晚上十一点,帮我定个晚上十一点五十九分的闹钟,,
,,,,,发送帮我定个明天上午10点的闹钟,帮我定个明天上午十点的闹钟,,
,,,,,发送我有几个闹钟,我有几个闹钟,,
,,,,,校验-状态是否正确,"{""asr"": {
    
    ""text"": ""我有几个闹钟""
  },
  ""nlg"": {
    
    ""text"": ""有2个闹钟分别是今天深夜23点59分、和明天上午10点""
  }
}",,
闹钟技能,alarm_006,同一时间点已有提醒，重复设闹钟,,,重置闹钟,删除所有的闹钟,,
,,,,,重置提醒,删除所有的提醒,,
,,,,,发送明天上午10点15分提醒我开会,明天上午十点十五分提醒我开会,,
,,,,,发送帮我定个明天上午10点15分的闹钟,帮我定个明天上午十点十五分的闹钟,,
,,,,,发送我有几个闹钟,我有几个闹钟,,
,,,,,校验-状态是否正确,"{""asr"": {
    
    ""text"": ""我有几个闹钟""
  },
  ""nlg"": {
    
    ""text"": ""你还没有设置闹钟""
  }
}",,
闹钟技能,alarm_007,已有上午的提醒，设定下午同时间点的闹钟,,,重置闹钟,删除所有的闹钟,,
,,,,,重置提醒,删除所有的提醒,,
,,,,,发送明天上午10点15分提醒我开会,明天上午十点十五分提醒我开会,,
,,,,,发送帮我定个明天晚上10点15分的闹钟,帮我定个明天晚上十点十五分的闹钟,,
,,,,,发送我有几个闹钟,我有几个闹钟,,
,,,,,校验-状态是否正确,"{""asr"": {
    
    ""text"": ""我有几个闹钟""
  },
  ""nlg"": {
    
    ""text"": ""有1个闹钟是明天晚上22点15分""
  }
}",,
闹钟技能,alarm_008,设置闹钟时无明确的时间点，进入多轮,,,重置闹钟,删除所有的闹钟,,
,,,,,重置提醒,删除所有的提醒,,
,,,,,发送帮我定个闹钟,帮我定个闹钟,,
,,,,,发送晚上23点20分的,晚上二十三点五十九分的,,
,,,,,校验-状态是否正确,"{""asr"": {
    
    ""text"": ""晚上二十三点五十九分的""
  },
  ""nlg"": {
    
    ""text"": ""好的，今天深夜23点59分的闹钟定好喽""
  }
}",,
闹钟技能,alarm_009,设置闹钟的时间点上下午都满足，进入多轮,,,重置闹钟,删除所有的闹钟,,
,,,,,重置提醒,删除所有的提醒,,
,,,,,发送帮我定个明天11点15分的闹钟,帮我订个明天十点十五分的闹钟,,
,,,,,校验-状态是否正确,"{""asr"": {
    
    ""text"": ""帮我订个明天十点十五分的闹钟""
  },
  ""nlg"": {
    
    ""text"": ""明天上午10点15分的闹钟定好喽""
  }
}",,
闹钟技能,alarm_010,不同日期都有闹钟，查询明天的闹钟,,,重置闹钟,删除所有的闹钟,,
,,,,,重置提醒,删除所有的提醒,,
,,,,,发送帮我定个2分钟后的闹钟,帮我定个晚上十一点五十九分的闹钟,,
,,,,,发送帮我定个明天上午10点15分的闹钟,帮我定个明天上午十点十五分的闹钟,,
,,,,,发送帮我定个明天晚上10点15分的闹钟,帮我定个明天晚上十点十五分的闹钟,,
,,,,,发送我明天有几个闹钟,我明天有几个闹钟,,
,,,,,校验-状态是否正确,"{""asr"": {
    
    ""text"": ""我明天有几个闹钟""
  },
  ""nlg"": {
    
    ""text"": ""有2个闹钟分别是明天上午10点15分、和明天晚上22点15分""
  }
}",,
闹钟技能,alarm_011,不同日期都有闹钟，删除指定日期存在的闹钟,,,重置闹钟,删除所有的闹钟,,
,,,,,重置提醒,删除所有的提醒,,
,,,,,发送帮我定个2分钟后的闹钟,帮我定个晚上十一点五十九分的闹钟,,
,,,,,发送帮我定个明天上午10点15分的闹钟,帮我定个明天上午十点十五分的闹钟,,
,,,,,发送帮我定个明天晚上10点15分的闹钟,帮我定个明天晚上十点十五分的闹钟,,
,,,,,发送删除明天的闹钟,删除明天的闹钟,,
,,,,,发送我有几个闹钟,我有几个闹钟,,
,,,,,校验-状态是否正确,"{""asr"": {
    
    ""text"": ""我有几个闹钟""
  },
  ""nlg"": {
    
    ""text"": ""有1个闹钟是今天深夜23点59分""
  }
}",,
闹钟技能,alarm_012,不同日期都有闹钟，删除指定日期无闹钟的,,,重置闹钟,删除所有的闹钟,,
,,,,,重置提醒,删除所有的提醒,,
,,,,,发送帮我定个明天上午10点15分的闹钟,帮我定个明天上午十点十五分的闹钟,,
,,,,,发送帮我定个明天晚上10点15分的闹钟,帮我定个明天晚上十点十五分的闹钟,,
,,,,,发送删除今天的闹钟,删除今天的闹钟,,
,,,,,校验-状态是否正确,"{""asr"": {
    
    ""text"": ""删除今天的闹钟""
  },
  ""nlg"": {
    
    ""text"": ""你还没有设置今天的闹钟""
  }
}",,
闹钟技能,alarm_013,该时间点无闹钟，删除闹钟,,,重置闹钟,删除所有闹钟,,
,,,,,重置提醒,删除所有的提醒,,
,,,,,发送帮我定个明天上午10点15分的闹钟,帮我定个明天上午十点十五分的闹钟,,
,,,,,发送取消明天上午10点的闹钟,取消明天上午十点的闹钟,,
,,,,,校验-状态是否正确,"{""asr"": {
    
    ""text"": ""取消明天上午十点的闹钟""
  },
  ""nlg"": {
    
    ""text"": ""你还没有设置明天上午10点的闹钟""
  }
}",,
闹钟技能,alarm_014,无闹钟时，删除闹钟,,,重置闹钟,删除所有闹钟,,
,,,,,发送删除所有闹钟,删除所有闹钟,,
,,,,,校验-状态是否正确,"{""asr"": {
    
    ""text"": ""删除所有闹钟""
  },
  ""nlg"": {
    
    ""text"": ""你还没有设置闹钟""
  }
}",,
闹钟技能,alarm_015,明天上下午都有该时间点的闹钟，删除闹钟时，进入多轮,,,重置闹钟,删除所有闹钟,,
,,,,,重置提醒,删除所有的提醒,,
,,,,,发送帮我定个明天上午10点15分的闹钟,帮我定个明天上午十点十五分的闹钟,,
,,,,,发送帮我定个明天晚上10点15分的闹钟,帮我定个明天晚上十点十五分的闹钟,,
,,,,,发送取消明天10点15分的闹钟,取消明天十点十五分的闹钟,,
,,,,,发送明天晚上的,明天晚上的,,
,,,,,发送我有几个闹钟,我有几个闹钟,,
,,,,,校验-状态是否正确,"{""asr"": {
    
    ""text"": ""我有几个闹钟""
  },
  ""nlg"": {
    
    ""text"": ""有1个闹钟是明天上午10点15分""
  }
}",,
闹钟技能,alarm_016,该时间点有提醒无闹钟，删除闹钟,,,重置闹钟,删除所有闹钟,,
,,,,,重置提醒,删除所有的提醒,,
,,,,,发送明天上午10点15分提醒我开会,明天上午十点十五分提醒我开会,,
,,,,,发送取消明天上午10点15分的闹钟,取消明天上午十点十五分的闹钟,,
,,,,,校验-状态是否正确,"{""asr"": {
    
    ""text"": ""取消明天上午十点十五分的闹钟""
  },
  ""nlg"": {
    
    ""text"": ""你还没有设置明天上午10点15分的闹钟""
  }
}",,
闹钟技能,alarm_017,该日期有提醒无闹钟，删除闹钟,,,重置闹钟,删除所有闹钟,,
,,,,,重置提醒,删除所有的提醒,,
,,,,,发送明天上午10点15分提醒我开会,明天上午十点十五分提醒我开会,,
,,,,,发送删除明天的闹钟,删除明天的闹钟,,
,,,,,发送我有几个提醒,我有几个提醒,,
,,,,,校验-状态是否正确,"{""asr"": {
    
    ""text"": ""我有几个提醒""
  },
  ""nlg"": {
    
    ""text"": ""有1个提醒是明天上午10点15分提醒你开会""
  }
}",,
闹钟技能,alarm_018,要定的时间点小于当前时间,,,重置闹钟,删除所有闹钟,,
,,,,,重置提醒,删除所有的提醒,,
,,,,,发送帮我定个{clock_time}的闹钟,帮我定个{clock_time}的闹钟,,
,,,,,校验-状态是否正确,"{""asr"": {
    
    ""text"": ""帮我定个{clock_time}的闹钟""
  },
  ""nlg"": {
    
    ""text"": ""clock_respone""
  }
}",,
自定义设备名,pickname_001,打开自定义设备名,,,发送打开自定义设备名,打开自定义设备名,,
,,,,,校验-状态是否正确,"{
  
  ""asr"": {
    
    ""text"": ""打开自定义设备名""
  },
  ""nlg"": {
    
    ""text"": ""马上开启，这个功能需要您把家电名尽量改为纯中文，感谢理解""
  }
}",,
自定义设备名,pickname_001,纯中文自定义设备名,,,发送打开大白,打开大白,,
,,,,,校验-状态是否正确,"{
  
  ""asr"": {
    
    ""text"": ""打开大白""
  },
  ""nlg"": {
    
    ""text"": ""马上打开""
  },
  ""device_status"": {
    
    ""power"": ""on""
  }
}",,
自定义设备名,pickname_001,纯英文自定义设备名,,,发送打开大白,打开大白,,
,,,,,校验-状态是否正确,"{
  
  ""asr"": {
    
    ""text"": ""打开大白""
  },
  ""nlg"": {
    
    ""text"": ""马上打开""
  },
  ""device_status"": {
    
    ""power"": ""on""
  }
}",,
